word,count
ai,125
agents,32
open,32
source,27
claude,25
agent,24
code,22
new,22
data,19
built,17
use,16
about,15
coding,15
openclaw,15
real,15
building,14
go,14
says,14
media,12
free,11
google,11
language,11
linux,11
now,11
rust,11
single,11
social,11
video,11
web,11
years,11
apple,10
don,10
end,10
first,10
life,10
native,10
problem,10
python,10
time,10
all,9
api,9
future,9
llm,9
memory,9
one,9
pdf,9
people,9
programming,9
search,9
software,9
stop,9
tech,9
trump,9
work,9
world,9
alternative,8
based,8
design,8
library,8
make,8
security,8
using,8
writing,8
against,7
anthropic,7
app,7
build,7
down,7
editor,7
epstein,7
fast,7
here,7
left,7
made,7
making,7
mcp,7
meta,7
models,7
openai,7
other,7
own,7
prompt,7
research,7
self,7
server,7
state,7
tool,7
uk,7
year,7
youtube,7
access,6
after,6
apps,6
being,6
bug,6
computer,6
day,6
engine,6
europe,6
file,6
fix,6
framework,6
game,6
gemini,6
germany,6
got,6
gpt,6
history,6
kids,6
like,6
linked,6
model,6
private,6
still,6
storage,6
system,6
tesla,6
tools,6
top,6
users,6
written,6
zero,6
age,5
agentic,5
any,5
bans,5
blocked,5
browser,5
california,5
case,5
chatgpt,5
cli,5
cloud,5
content,5
cross,5
database,5
desktop,5
engineering,5
files,5
found,5
github,5
guide,5
health,5
hosted,5
hours,5
humans,5
information,5
labs,5
local,5
long,5
look,5
macos,5
microsoft,5
news,5
next,5
old,5
performance,5
production,5
radio,5
review,5
run,5
saas,5
science,5
should,5
skills,5
slop,5
stack,5
study,5
test,5
theory,5
tracking,5
two,5
typescript,5
update,5
ve,5
via,5
without,5
zuckerberg,5
1b,4
3d,4
ads,4
arm,4
async,4
autonomous,4
available,4
background,4
bill,4
business,4
compiler,4
crypto,4
deep,4
department,4
dns,4
doesn,4
efficient,4
european,4
every,4
exposed,4
fei,4
front,4
fund,4
getting,4
git,4
global,4
gpu,4
hand,4
hardware,4
high,4
human,4
ice,4
images,4
inside,4
java,4
js,4
keep,4
kubernetes,4
legal,4
lisp,4
manager,4
many,4
mark,4
modern,4
multi,4
nasa,4
need,4
net,4
only,4
os,4
oss,4
persistent,4
play,4
policy,4
power,4
product,4
prs,4
re,4
read,4
remove,4
report,4
reveals,4
risk,4
runtime,4
safety,4
sales,4
scale,4
school,4
secret,4
semantic,4
shell,4
silicon,4
speed,4
ssh,4
stocks,4
terminal,4
testing,4
text,4
three,4
tiny,4
token,4
track,4
trial,4
trust,4
type,4
verification,4
want,4
way,4
100m,3
10k,3
ablation,3
abuse,3
across,3
addiction,3
adoption,3
air,3
alerts,3
alternatives,3
america,3
analysis,3
analytics,3
around,3
ascii,3
assisted,3
better,3
between,3
billionaires,3
binary,3
blue,3
boring,3
cache,3
call,3
car,3
ceo,3
chat,3
chess,3
children,3
choose,3
class,3
clean,3
codex,3
coming,3
companies,3
compatible,3
container,3
continuous,3
court,3
created,3
crisis,3
css,3
daily,3
dead,3
developer,3
digital,3
discord,3
docker,3
document,3
driven,3
early,3
earth,3
economy,3
edge,3
electric,3
elite,3
emails,3
energy,3
engineer,3
eu,3
evaluating,3
evolved,3
experimental,3
fall,3
fastest,3
fda,3
finder,3
firms,3
flight,3
food,3
foundation,3
freedom,3
fuel,3
fun,3
funding,3
gambling,3
generate,3
generated,3
glass,3
good,3
gov,3
hacker,3
hard,3
help,3
home,3
improvement,3
india,3
infrastructure,3
internet,3
io,3
ios,3
isn,3
issue,3
javascript,3
jobs,3
journey,3
kernel,3
know,3
large,3
laser,3
launch,3
leading,3
lines,3
lives,3
llms,3
lost,3
mac,3
matrix,3
medieval,3
mining,3
monitoring,3
must,3
networks,3
never,3
node,3
noise,3
officially,3
online,3
orders,3
org,3
owners,3
part,3
password,3
patterns,3
pentagon,3
plan,3
platform,3
pok,3
postgres,3
process,3
productivity,3
pure,3
random,3
right,3
robots,3
running,3
same,3
sandbox,3
save,3
see,3
shows,3
site,3
skill,3
small,3
sold,3
sql,3
starliner,3
stock,3
store,3
suggests,3
supply,3
support,3
survey,3
syntax,3
synthetic,3
technical,3
tenant,3
think,3
thought,3
through,3
times,3
towards,3
treasury,3
true,3
turning,3
tv,3
ui,3
usage,3
user,3
vaccine,3
validation,3
valley,3
vibe,3
warren,3
weather,3
working,3
write,3
yet,3
2d,2
80x,2
90s,2
a16z,2
abusive,2
account,2
ad,2
address,2
adds,2
administration,2
adults,2
agi,2
algorithm,2
algorithms,2
allegedly,2
allow,2
always,2
amazon,2
ambient,2
american,2
amid,2
announces,2
another,2
answer,2
anxiety,2
anyone,2
applications,2
approaches,2
architectures,2
archival,2
asked,2
assistants,2
austin,2
auto,2
back,2
bad,2
ball,2
ban,2
before,2
behind,2
bench,2
best,2
beyond,2
big,2
bigger,2
biological,2
blocks,2
board,2
body,2
book,2
books,2
bots,2
bottleneck,2
box,2
brain,2
branchless,2
breaks,2
bring,2
bro,2
broadcast,2
buffett,2
bypass,2
caching,2
calculator,2
calls,2
camera,2
canada,2
carbon,2
care,2
catch,2
check,2
checking,2
chief,2
china,2
chinese,2
chip,2
choice,2
chord,2
chris,2
city,2
climate,2
cloudflare,2
cold,2
collection,2
com,2
community,2
company,2
concurrency,2
conference,2
confidential,2
consumer,2
containers,2
contest,2
context,2
controls,2
conversation,2
copilot,2
copy,2
core,2
country,2
course,2
crash,2
crashes,2
credit,2
crm,2
cryptographic,2
cups,2
current,2
cursor,2
cve,2
dark,2
days,2
de,2
debate,2
debt,2
dementia,2
dense,2
dependency,2
derived,2
destroying,2
dev,2
developers,2
development,2
diagnosed,2
discovery,2
disks,2
doge,2
doj,2
doom,2
dot,2
drive,2
drives,2
drop,2
drowning,2
duckdb,2
dumps,2
dutch,2
each,2
economic,2
effectively,2
effects,2
efficiency,2
el,2
elderly,2
electronics,2
else,2
emacs,2
embedded,2
erian,2
error,2
errors,2
even,2
everything,2
evidence,2
evolution,2
example,2
execution,2
exists,2
exit,2
experience,2
expose,2
faces,2
failure,2
falters,2
family,2
faster,2
fears,2
fed,2
feedback,2
feel,2
festival,2
fighter,2
fleeing,2
fleet,2
flow,2
flu,2
force,2
format,2
forth,2
fossil,2
france,2
friends,2
full,2
gala,2
gas,2
general,2
generation,2
generative,2
generator,2
generic,2
genetic,2
gentoo,2
german,2
get,2
gets,2
ghostty,2
give,2
giving,2
glm,2
goals,2
goes,2
government,2
graph,2
gravity,2
great,2
grid,2
grok,2
growing,2
guardrails,2
hackers,2
halt,2
hate,2
helped,2
hero,2
hide,2
highly,2
hiring,2
hit,2
hits,2
hold,2
holds,2
host,2
hosting,2
html,2
hub,2
hubble,2
idea,2
ideas,2
illusion,2
impact,2
implementations,2
inference,2
instruction,2
intelligence,2
interpreter,2
investigation,2
investment,2
iphone,2
isolated,2
issues,2
jets,2
journal,2
julia,2
justice,2
kb,2
killer,2
known,2
landmark,2
last,2
later,2
latest,2
lattner,2
law,2
layer,2
leaders,2
less,2
lessons,2
letter,2
letters,2
level,2
li,2
license,2
lightweight,2
likes,2
links,2
lithium,2
location,2
longer,2
looks,2
lose,2
loss,2
lyria,2
machine,2
mail,2
makes,2
malicious,2
malware,2
manufacturers,2
marketplace,2
md,2
memories,2
message,2
messenger,2
metabase,2
metrics,2
migrations,2
milestone,2
military,2
minimal,2
ministry,2
mishap,2
moderna,2
mon,2
month,2
moving,2
mrna,2
much,2
music,2
name,2
nature,2
negative,2
nobody,2
notepad,2
numbers,2
nvidia,2
objects,2
off,2
offers,2
official,2
often,2
ollama,2
ones,2
operator,2
optimism,2
owl,2
pa,2
package,2
pages,2
paradox,2
past,2
patents,2
pattern,2
pay,2
pe,2
per,2
perpetual,2
personal,2
peter,2
pg,2
physically,2
physics,2
picture,2
plans,2
plant,2
plugins,2
plume,2
point,2
polymarket,2
poor,2
porn,2
portal,2
portfolio,2
postgresql,2
powered,2
practical,2
pre,2
privilege,2
pro,2
processor,2
program,2
project,2
projects,2
prometheus,2
propeller,2
protect,2
psychology,2
public,2
push,2
quality,2
queries,2
question,2
race,2
raises,2
react,2
reclaim,2
recycling,2
reduces,2
relays,2
remote,2
replaced,2
reporting,2
require,2
requires,2
resistant,2
reveal,2
reverses,2
rid,2
risc,2
robotaxi,2
rocket,2
rss,2
runner,2
runs,2
said,2
scam,2
schneider,2
scratch,2
secure,2
sell,2
send,2
service,2
services,2
set,2
shadow,2
shaped,2
share,2
shot,2
shoulder,2
signals,2
simple,2
simulations,2
simulator,2
skip,2
slavery,2
sleep,2
slots,2
slower,2
solo,2
something,2
sorting,2
space,2
spacex,2
spain,2
spending,2
split,2
sponsor,2
spring,2
sqlite,2
ssd,2
starting,2
stole,2
story,2
streaming,2
stress,2
structures,2
style,2
sub,2
subjects,2
subscription,2
sued,2
super,2
swarm,2
systems,2
taalas,2
take,2
takes,2
talk,2
tank,2
tasks,2
taught,2
techno,2
technology,2
teens,2
term,2
thiel,2
thing,2
things,2
thinking,2
third,2
those,2
threatening,2
threatens,2
today,2
tracker,2
train,2
tree,2
tricks,2
tunnel,2
turn,2
uncover,2
unix,2
unlock,2
updates,2
upright,2
uring,2
used,2
uses,2
vector,2
verified,2
view,2
viewer,2
vision,2
visual,2
visualizing,2
vlm,2
vms,2
vodozemac,2
voith,2
vpn,2
vs,2
vulkan,2
wants,2
warns,2
wash,2
watch,2
waymo,2
weinberg,2
well,2
while,2
wild,2
window,2
wins,2
winter,2
word,2
workflows,2
worth,2
writes,2
wrong,2
x86,2
yc,2
zig,2
10a,1
10th,1
10x,1
12m,1
1980s,1
1990s,1
1tb,1
20b,1
20m,1
2b,1
2nd,1
30k,1
33k,1
3p,1
40k,1
420k,1
4x,1
56k,1
5b,1
6b,1
6cy,1
75m,1
7b,1
9k,1
a2a,1
ability,1
abnormalities,1
above,1
accessibility,1
according,1
accounts,1
accuracy,1
accurate,1
accused,1
acer,1
achievement,1
acknowledges,1
acoustics,1
acquired,1
acquires,1
acquisition,1
act,1
actions,1
acx,1
adapter,1
adaptive,1
addy,1
adequate,1
admin,1
admitting,1
adobe,1
advance,1
advancements,1
advancing,1
advantage,1
adventure,1
adversarial,1
adversaries,1
advertising,1
advice,1
advisory,1
aegis,1
aether,1
affecting,1
again,1
aged,1
agentlint,1
agility,1
aging,1
ago,1
agriculture,1
aims,1
airpods,1
alabama,1
alegebraic,1
alias,1
alignment,1
alive,1
alleged,1
allocator,1
almost,1
alpha,1
also,1
alternate,1
altitude,1
altman,1
alzheimer,1
am,1
ambiguity,1
amd,1
americans,1
amiga,1
amnesia,1
amodei,1
analogue,1
andrew,1
android,1
anger,1
angular,1
animations,1
anonymity,1
ans,1
antarctica,1
antibiotics,1
antitrust,1
anymore,1
anyway,1
aot,1
apart,1
aphasia,1
appearing,1
append,1
applicant,1
approachable,1
approved,1
april,1
apt,1
aquatic,1
archaeologists,1
archaeology,1
archive,1
arena,1
argeo,1
arizona,1
arm64,1
armchair,1
arms,1
arrest,1
arrested,1
art,1
article,1
artifacts,1
arts,1
asahi,1
asbestos,1
asciiquarium,1
asgards,1
asians,1
asking,1
asleep,1
aspiring,1
assets,1
assigning,1
assignment,1
assistance,1
assistant,1
asteroidos,1
asteroids,1
astroworld,1
asus,1
asymmetric,1
atari,1
atlas,1
atlassian,1
atomic,1
attack,1
attackers,1
attacks,1
attorney,1
attorneys,1
attracting,1
au2025,1
audience,1
audio,1
audit,1
aura,1
australia,1
australians,1
auth,1
authenticated,1
authentication,1
author,1
autism,1
autoconfig,1
automated,1
automatic,1
autonomy,1
autopoietic,1
auxiliary,1
avoid,1
avoids,1
avx,1
avx2,1
await,1
aware,1
away,1
awesome,1
awkward,1
aws,1
axon,1
babbage,1
babel,1
baby,1
backdoored,1
backed,1
backhand,1
backsliding,1
bacteria,1
bahn,1
bailout,1
balance,1
band,1
banking,1
bankrupt,1
banned,1
banner,1
bannerbear,1
bar,1
barcode,1
barocaloric,1
barracuda,1
barriers,1
basaltcrm,1
base,1
bases,1
bash,1
bashtorio,1
basics,1
batch,1
batching,1
battle,1
beagle,1
bear,1
beats,1
become,1
becomes,1
bedroom,1
bees,1
beginner,1
behavior,1
beige,1
believe,1
bell,1
belong,1
belongs,1
benchmarking,1
benchmarks,1
benin,1
bent,1
berkshire,1
bespoke,1
beta,1
bias,1
bible,1
bidirectional,1
bikes,1
billie,1
billing,1
billions,1
binance,1
bio,1
bipolar,1
birthdate,1
birthplace,1
biscuit,1
bisection,1
blackwell,1
blaze,1
blite,1
blob,1
block,1
blog,1
blood,1
bloodstained,1
blossom,1
bluepoint,1
blueprint,1
bluetooth,1
bmw,1
boilerplate,1
boiorix,1
bolt,1
boom,1
boomcession,1
boost,1
booster,1
bootable,1
bootstrapping,1
bose,1
boss,1
bosses,1
bosun,1
bot,1
bother,1
bouba,1
bought,1
bounds,1
bowl,1
brace,1
brazil,1
breadboard,1
break,1
breaking,1
breakthrough,1
breccia,1
brick,1
bridging,1
broken,1
browse,1
btrfs,1
bubble,1
budged,1
buffer,1
bugfix,1
bugs,1
builds,1
burning,1
burns,1
burst,1
businesses,1
butter,1
buying,1
c64,1
c99,1
ca,1
calc,1
called,1
calling,1
calories,1
cameras,1
canadian,1
canadians,1
canary,1
cancels,1
cancer,1
canvas,1
capital,1
captchas,1
capture,1
captured,1
cared,1
caring,1
carlsen,1
cash,1
cassidy,1
cast,1
castlelight,1
castlevania,1
casual,1
catches,1
causes,1
cave,1
cbs,1
cd32,1
cel,1
celebrate,1
cell,1
cells,1
center,1
centers,1
centipawn,1
certificate,1
cf,1
chain,1
chair,1
challenge,1
challenging,1
championship,1
chance,1
change,1
changes,1
changing,1
chaos,1
character,1
characters,1
charger,1
charging,1
chart,1
chasing,1
chatbot,1
chatbots,1
chats,1
chatting,1
cheat,1
checker,1
checks,1
cherry,1
chess960,1
chevy,1
chicks,1
child,1
childhoods,1
chips,1
choosing,1
chrome,1
ci,1
circa,1
circuit,1
cistercian,1
civil,1
claim,1
claims,1
clang,1
clasp,1
classifies,1
claudeswarm,1
claudity,1
clawdata,1
clawdbot,1
clawhub,1
clawshield,1
cleaner,1
clearer,1
clickhouse,1
client,1
climbing,1
clinical,1
clis,1
clock,1
clojure,1
close,1
closer,1
closing,1
clothing,1
clue,1
co,1
coaching,1
coalmine,1
codebase,1
codebases,1
codeberg,1
codecs,1
coders,1
coffee,1
cogitator,1
cognitive,1
colds,1
collar,1
collatz,1
collect,1
color,1
colorblind,1
colorectal,1
colorforth,1
column,1
combined,1
commander,1
commission,1
commit,1
communication,1
comparison,1
comparisons,1
compendium,1
compete,1
competition,1
competitors,1
complex,1
complexity,1
complicate,1
component,1
components,1
compositor,1
compression,1
compulsive,1
computation,1
computing,1
computronium,1
con,1
concatenative,1
concepts,1
concrete,1
condensate,1
conditions,1
conductor,1
conferences,1
config,1
confirmation,1
congratulations,1
congress,1
conjecture,1
connect,1
consciousness,1
considered,1
consistency,1
consoles,1
constitutional,1
construction,1
consumers,1
consumption,1
containing,1
contempt,1
continuations,1
continue,1
continuity,1
contra,1
contrast,1
contributions,1
contributors,1
control,1
controlled,1
controversial,1
conventional,1
conventions,1
conversations,1
converted,1
cooling,1
cop,1
coping,1
cops,1
copyright,1
corners,1
corporations,1
cortex,1
cosmologically,1
cost,1
cothought,1
coughs,1
coulomb,1
count,1
county,1
cover,1
covered,1
cowork,1
coworker,1
cowrie,1
cozy,1
cpi,1
crawl,1
crea,1
create,1
creates,1
creation,1
creative,1
creator,1
credits,1
crew,1
crime,1
critical,1
critics,1
crlite,1
crud,1
cs,1
csam,1
cslib,1
csp,1
cu,1
cuba,1
cube,1
cuda,1
culture,1
curated,1
curb,1
cursorlens,1
curve,1
custom,1
customer,1
cuts,1
cutting,1
cycast,1
cynics,1
dairy,1
dangerous,1
dangerously,1
dario,1
darkest,1
dash,1
dashboard,1
dataframe,1
daughter,1
dazzling,1
db,1
ddos,1
deal,1
decided,1
decisions,1
deck,1
declares,1
declaring,1
decline,1
decompilation,1
deepfakes,1
def,1
defamed,1
default,1
defense,1
defensible,1
defer,1
defining,1
dei,1
deletion,1
delhi,1
deming,1
demonstrate,1
demoralizing,1
demos,1
demotion,1
denmark,1
denser,1
deplatformed,1
deploys,1
depression,1
deps,1
description,1
descriptive,1
designed,1
designing,1
despite,1
destroys,1
destruction,1
detail,1
detained,1
detectives,1
detention,1
device,1
devices,1
devs,1
dex,1
dgx,1
dht,1
diabetes,1
diagnostic,1
diagram,1
diarium,1
diary,1
didn,1
died,1
dies,1
diff,1
different,1
difficulty,1
diffs,1
dilemma,1
dilley,1
din,1
dinosaur,1
direct,1
directly,1
directory,1
disability,1
disaster,1
discovered,1
discrete,1
disk,1
disorder,1
display,1
displayed,1
disruption,1
distribution,1
ditch,1
dive,1
diverse,1
django,1
djs,1
dmca,1
dms,1
documents,1
dog,1
dorms,1
dos,1
download,1
downloaded,1
downtime,1
dozens,1
drain,1
drama,1
dramatically,1
draw,1
dread,1
driftdb,1
drinking,1
driver,1
driving,1
drug,1
ds,1
dual,1
duck,1
ducklake,1
due,1
duis,1
dumped,1
dupes,1
durian,1
during,1
duvall,1
dx7,1
dysfunction,1
dyslexia,1
earnings,1
east,1
eat,1
eats,1
ebr,1
echo,1
economics,1
edit,1
edition,1
education,1
effect,1
effectiveness,1
eilish,1
einstein,1
electricity,1
electrobun,1
elemental,1
elephants,1
elf,1
elixir,1
elophanto,1
elsewhere,1
embeddable,1
embedding,1
embryo,1
emotions,1
empire,1
employee,1
employees,1
emulating,1
emulation,1
emulator,1
en,1
encouraging,1
encrypted,1
endanger,1
endianness,1
ending,1
endorses,1
enforceable,1
enforcing,1
engineers,1
engines,1
enjoyable,1
ensuring,1
enterprise,1
enthusiasts,1
entrepreneurs,1
entries,1
entropy,1
entry,1
env,1
environment,1
episodic,1
equations,1
equity,1
era,1
escaping,1
esp32,1
essays,1
ethiopia,1
etl,1
euclid,1
eugenics,1
eukaryotes,1
europeans,1
ev,1
evaporation,1
ever,1
evolving,1
evs,1
ex,1
examples,1
excellent,1
exceptional,1
executive,1
exits,1
exodus,1
exoskeleton,1
expands,1
expected,1
expensive,1
experienceddevs,1
experiment,1
experimenter,1
expert,1
explains,1
explorer,1
exports,1
expression,1
extension,1
extraordinary,1
extraterrestrial,1
extravaganza,1
extremes,1
eyes,1
fabric,1
fabricated,1
face,1
facility,1
factorio,1
fad,1
fail,1
failing,1
faith,1
falcon,1
falcons,1
falling,1
fallout,1
families,1
famous,1
far,1
farewell,1
farmers,1
farming,1
farms,1
fastmail,1
fastos,1
favorite,1
fbounds,1
fcc,1
fear,1
features,1
featuring,1
february,1
federal,1
feed,1
feeling,1
fetched,1
few,1
fff,1
fi,1
fiasco,1
fibonacci,1
fido2,1
fields,1
figured,1
fillable,1
final,1
financial,1
find,1
finding,1
finds,1
fines,1
finishing,1
fire,1
fireball,1
firebase,1
firewall,1
fits,1
fixes,1
flagged,1
flagging,1
flash,1
flashing,1
flat,1
flatus,1
flights,1
floppy,1
floss,1
flus,1
fn,1
focus,1
folded,1
foods,1
fooled,1
footgun,1
forall,1
forces,1
forensics,1
forget,1
fork,1
formal,1
formally,1
former,1
forms,1
formula,1
fortune,1
forum,1
fossils,1
founder,1
founders,1
four,1
fp64,1
fpga,1
francisco,1
frass,1
freebsd,1
freeipa,1
freestyle,1
french,1
fresh,1
frontier,1
frozen,1
fuji,1
function,1
functions,1
fundamentals,1
fuse,1
futures,1
gains,1
galaxies,1
galaxy,1
galloway,1
games,1
garden,1
garment,1
gate,1
gatekeeping,1
gates,1
gatewayapi,1
gathering,1
gaussian,1
gave,1
gb,1
gcc,1
gearing,1
gedb,1
generally,1
generates,1
generational,1
generators,1
geo,1
gerald,1
gf,1
gg,1
ghost,1
giant,1
gig,1
gigawatt,1
ginas,1
girl,1
gives,1
glitchy,1
globally,1
glove,1
glucose,1
glyphosate,1
gnome,1
gnu,1
godaddy,1
godot,1
going,1
golden,1
goldratt,1
golf,1
gone,1
googling,1
goto,1
governance,1
gpus,1
grade,1
graded,1
grafana,1
grammar,1
grandmaster,1
grandson,1
granite,1
grant,1
grapheneos,1
greece,1
greenland,1
grievances,1
grieve,1
grilled,1
grinds,1
grokipedia,1
group,1
grow,1
grows,1
guess,1
guestbooks,1
gui,1
guidance,1
guideline,1
guides,1
guilds,1
guinea,1
guitar,1
guthrie,1
gutted,1
habit,1
habits,1
hackable,1
hackathons,1
hacked,1
hacking,1
hackmyclaw,1
half,1
hall,1
halting,1
hands,1
hannibal,1
happen,1
happening,1
hardcore,1
harden,1
hardened,1
harder,1
harm,1
harmful,1
harness,1
harry,1
hash,1
haskell,1
hathaway,1
haven,1
heading,1
headlights,1
headquarters,1
heard,1
heart,1
heavy,1
helicobacter,1
hell,1
helpful,1
helping,1
helps,1
hershey,1
hi,1
hiatus,1
hides,1
higher,1
highest,1
highlight,1
hilbert,1
hindenburg,1
hindley,1
hired,1
hitler,1
hoarding,1
hobnobs,1
hokusai,1
hole,1
holy,1
homeland,1
homework,1
honest,1
honey,1
hood,1
horizons,1
horse,1
hot,1
hour,1
house,1
housing,1
hr,1
https,1
hud,1
humanoids,1
hurt,1
hybrids,1
hyperbugs,1
hypercard,1
i3,1
ibm,1
ibooks,1
icecast2,1
id,1
ida,1
identifies,1
identify,1
identity,1
idm,1
ids,1
image,1
imaging,1
imminent,1
impacts,1
implemented,1
implementing,1
important,1
imports,1
impossible,1
imposter,1
improved,1
incentive,1
inch,1
inconvo,1
independent,1
indie,1
indigenous,1
individually,1
indoors,1
induced,1
industrial,1
infinita,1
inflation,1
info,1
infra,1
ingredient,1
initiative,1
inject,1
injection,1
innovation,1
inquiry,1
insect,1
insights,1
inspired,1
instability,1
instagram,1
instantly,1
instead,1
insurer,1
insurrection,1
integrated,1
integrity,1
intense,1
intensive,1
interactive,1
interfaces,1
intervals,1
interview,1
invaded,1
invented,1
inventor,1
inverter,1
investigating,1
investors,1
invocation,1
ionq,1
ip,1
ips,1
ipv6,1
iran,1
irritating,1
irs,1
isaacman,1
isbn,1
island,1
islands,1
iso,1
itself,1
ivan,1
iwork,1
jailbreak,1
jailed,1
james,1
japan,1
jefftube,1
jemini,1
jimmy,1
jl,1
job,1
joe,1
joining,1
journaling,1
joy,1
jsfuck,1
json,1
judge,1
judging,1
june,1
justifying,1
k3s,1
kalpaka,1
kept,1
kerberos,1
kevros,1
key,1
keybindings,1
keyboards,1
keys,1
khans,1
kiki,1
killing,1
kilntainers,1
kind,1
kiro,1
kitchen,1
knew,1
knowledge,1
knows,1
korean,1
kumo,1
kv,1
la,1
lago,1
langsec,1
lara,1
largest,1
lasts,1
lately,1
latentscore,1
launched,1
launching,1
lawsuit,1
lcm,1
ldap,1
lead,1
lean,1
learn,1
learned,1
learning,1
least,1
ledger,1
legendary,1
lego,1
lensless,1
lesson,1
let,1
lib,1
libdragon,1
libraries,1
lid,1
lidar,1
lied,1
lies,1
lifetime,1
lifting,1
light,1
lightwave,1
lilush,1
limits,1
lindenmayer,1
linear,1
link,1
linkedin,1
linter,1
linus,1
lissajous,1
list,1
listen,1
listening,1
listens,1
literacy,1
literally,1
literature,1
litres,1
living,1
llama,1
lobbying,1
localizable,1
locally,1
locations,1
login,1
logs,1
loihi,1
london,1
lookups,1
loon,1
lora,1
lossless,1
lot,1
lots,1
lotus,1
louvre,1
love,1
low,1
lower,1
lpfm,1
lts,1
lua,1
luajit,1
luma,1
m2,1
macroeconomics,1
magic,1
magnus,1
main,1
maintainer,1
maintainers,1
major,1
maker,1
makers,1
malaysian,1
man,1
manage,1
management,1
managers,1
managing,1
mania,1
manipulators,1
manuscripts,1
map,1
mar,1
maravel,1
mario,1
markdown,1
market,1
martial,1
masking,1
mass,1
matches,1
material,1
mathematical,1
mathematician,1
mathematics,1
maths,1
matters,1
mcpsec,1
mdview,1
meaning,1
meanings,1
means,1
measure,1
measurement,1
measuring,1
medbook,1
mediasymetric,1
medical,1
medicine,1
medium,1
meets,1
members,1
memotrail,1
men,1
mental,1
merely,1
merged,1
messageformat,1
messaging,1
messy,1
metadata,1
meters,1
mexican,1
mfa,1
micasa,1
micos,1
micro,1
microbes,1
microchip,1
microgpt,1
micron,1
micropayments,1
microservices,1
microstock,1
microwave,1
might,1
miles,1
millennia,1
millions,1
millisecond,1
milner,1
minecraft,1
mini,1
minimalist,1
minimax,1
minimize,1
minimum,1
minions,1
minnesota,1
minotaur,1
minute,1
minutes,1
minutos,1
miss,1
missing,1
mission,1
mississippi,1
mistake,1
mistakes,1
misunderstanding,1
mit,1
mithril,1
mixer,1
moat,1
mode,1
modem,1
modernize,1
mohammed,1
moment,1
monado,1
money,1
mongol,1
monitor,1
monologue,1
mood,1
moog,1
morged,1
mos,1
mosh,1
motivate,1
mou,1
mount,1
mountains,1
mourn,1
moves,1
mrdimms,1
mri,1
ms,1
mulesoft,1
multilingual,1
multimedia,1
multimodal,1
muontickets,1
murmuration,1
musical,1
musk,1
mvp,1
myopia,1
mystery,1
myth,1
n64,1
nagware,1
nancy,1
nanoclaw,1
nanodevice,1
nationaldex,1
navigate,1
ndjson,1
near,1
nedagram,1
nederland,1
negotiation,1
nerfs,1
netbase,1
netbsd,1
netherlands,1
network,1
networked,1
networking,1
neural,1
neuromorphic,1
neurons,1
neuroscience,1
neurosymbolic,1
newsom,1
nicest,1
nintendo,1
niri,1
nist,1
nix,1
nobel,1
non,1
noncitizens,1
nonfluent,1
nonlinear,1
nonprofit,1
nordvpn,1
normal,1
norway,1
notation,1
note,1
notebooklm,1
notes,1
notifications,1
notion,1
npm,1
nvim,1
oban,1
object,1
obscure,1
observatory,1
obsessed,1
obsession,1
obsessiondb,1
obsidian,1
ocean,1
octoflow,1
octopuses,1
octoverse,1
office,1
officer,1
officials,1
okta,1
older,1
olympics,1
omlx,1
onboarded,1
oneprompt,1
openentropy,1
opengl,1
openjdk,1
opens,1
operating,1
operations,1
operators,1
opsec,1
optimistic,1
optimists,1
optimization,1
optimize,1
optimizer,1
optimizers,1
options,1
order,1
oriented,1
origami,1
origins,1
osmani,1
others,1
outage,1
outliers,1
outpace,1
outperforming,1
outreach,1
outside,1
overall,1
overcome,1
overcompensation,1
overflow,1
overwhelmed,1
ozempic,1
p2p,1
packed,1
page,1
paged,1
pagedata,1
pain,1
palantir,1
palette,1
panel,1
parallax,1
parallel,1
parallels,1
param,1
parental,1
parenting,1
parents,1
paris,1
parity,1
parliament,1
parsing,1
partially,1
partners,1
partnership,1
party,1
pass,1
passport,1
pasting,1
patent,1
path,1
patient,1
payloads,1
pc,1
pcie,1
pcs,1
peanut,1
peasant,1
pebble,1
peer,1
peppyos,1
perfectly,1
performer,1
performs,1
perils,1
permissions,1
persist,1
persists,1
person,1
persona,1
pet,1
petabyte,1
pgtk,1
phase,1
phds,1
philly,1
philosophical,1
phishing,1
phison,1
phoenix,1
phosphorus,1
photo,1
physical,1
piano,1
picol,1
pics,1
piece,1
pies,1
pigs,1
piling,1
pillars,1
pimped,1
pink,1
pioneer,1
pipeline,1
pirating,1
pixel,1
pixie,1
plague,1
plain,1
planckforth,1
planet,1
plants,1
plasma,1
plates,1
platforms,1
players,1
playwright,1
plc,1
please,1
plop,1
plot,1
plug,1
pluralistic,1
png,1
pocketbase,1
podcasting,1
polish,1
political,1
polluting,1
pollution,1
polymcp,1
polyphonic,1
popular,1
port,1
porting,1
portugal,1
posix,1
possibility,1
possible,1
posting,1
potter,1
pour,1
powers,1
powerwall,1
ppisp,1
pr,1
practice,1
precise,1
precisely,1
predictable,1
prediction,1
preferences,1
prepared,1
present,1
president,1
pressure,1
pretty,1
prevent,1
previously,1
price,1
prices,1
pricing,1
primitive,1
prince,1
print,1
printable,1
printers,1
prisma,1
privacy,1
prob,1
probably,1
probe,1
problematic,1
problems,1
procedural,1
processors,1
prodlint,1
produces,1
products,1
professor,1
profit,1
profitable,1
programmable,1
programme,1
progress,1
prominent,1
promise,1
prompting,1
proof,1
proposal,1
proposes,1
protecting,1
protocol,1
protocols,1
proton,1
prototype,1
proves,1
provide,1
proving,1
provisioner,1
proxies,1
proxy,1
psa,1
psishift,1
psychedelic,1
publicly,1
published,1
publishing,1
pulsar,1
pulses,1
punishment,1
pursuing,1
pursuit,1
pushes,1
put,1
puts,1
puzzle,1
pycon,1
pylori,1
pyrite64,1
qdrant,1
qm,1
qr,1
quake,1
quantum,1
quartz,1
questioning,1
quick,1
quickening,1
quietly,1
quotations,1
quotes,1
qwen3,1
qwendirstat,1
r3forth,1
raf,1
rag,1
rages,1
raids,1
raise,1
raised,1
ran,1
randomization,1
rapids,1
rare,1
rate,1
rates,1
rathbun,1
rats,1
raw,1
ray,1
reading,1
ready,1
reality,1
realization,1
realized,1
reasoning,1
reassessing,1
rebrain,1
receiver,1
recent,1
recipe,1
reckoning,1
reconstructing,1
record,1
recorder,1
recovery,1
recruits,1
recursive,1
red,1
redemptions,1
redis,1
rediscovery,1
redo,1
reduce,1
reel,1
reese,1
referencer,1
reflections,1
reflects,1
refrigeration,1
refuse,1
refute,1
regression,1
reinventing,1
rejection,1
related,1
relationship,1
relationships,1
relative,1
release,1
released,1
reloading,1
rely,1
rem,1
rememex,1
removed,1
removing,1
render,1
rendering,1
renewed,1
rep,1
repeat,1
repeatable,1
replacement,1
replay,1
replicas,1
representations,1
reproducible,1
reproducing,1
request,1
rescan,1
rescue,1
researchers,1
reset,1
reshaping,1
resilient,1
resist,1
resolves,1
resource,1
resources,1
responsible,1
responsive,1
restock,1
result,1
retail,1
retire,1
retirement,1
retires,1
retraction,1
retrieval,1
retriever,1
retrospective,1
reusable,1
revenge,1
revival,1
revocation,1
revolutionary,1
rift,1
rights,1
rise,1
risks,1
rival,1
robert,1
roblox,1
robotaxis,1
rocking,1
roi,1
role,1
rolled,1
rollin,1
roman,1
roms,1
roodb,1
room,1
roomscore,1
rooted,1
ros,1
rothschild,1
roundup,1
route,1
rsi,1
rubber,1
rubik,1
rule,1
rules,1
russian,1
rwanda,1
saaspocalypse,1
safe,1
safely,1
sailing,1
salary,1
salt,1
sam,1
san,1
sanctioned,1
sandboxes,1
sanders,1
sauce,1
savoring,1
sbcl,1
scaling,1
scamming,1
scan,1
scanned,1
scanner,1
scanning,1
scans,1
scheduled,1
scheduler,1
schedules,1
scheduling,1
scheme,1
schools,1
scientist,1
scm,1
scored,1
scores,1
scotch,1
scott,1
scraper,1
scrappy,1
screen,1
script,1
scripting,1
scroll,1
scrolling,1
scrutiny,1
sdk,1
searchable,1
seawolves,1
sec,1
second,1
sector,1
seedance,1
seeking,1
seeks,1
segmentation,1
seizes,1
sel4,1
selection,1
selling,1
semantle,1
semester,1
sending,1
sense,1
sentence,1
sentry,1
sequel,1
serial,1
series,1
session,1
setback,1
settings,1
sewage,1
sex,1
sexual,1
shafts,1
shakeup,1
shannonmax,1
sharing,1
sharp,1
sheepcat,1
sheet,1
shells,1
shift,1
shingles,1
shipped,1
shit,1
shocks,1
shooter,1
shop,1
shopify,1
shortcuts,1
shorten,1
shutaro,1
shuts,1
shuttle,1
side,1
sidecar,1
sideprocalypse,1
sight,1
sign,1
signatures,1
signoz,1
silliness,1
simd,1
similarity,1
simpler,1
since,1
singapore,1
sites,1
sits,1
six,1
sizing,1
sketches,1
skicamslive,1
skier,1
skillsbench,1
skulls,1
slack,1
slice,1
slipping,1
slot,1
slow,1
slump,1
smart,1
smarter,1
smiling,1
smoother,1
soak,1
soccer,1
socialite,1
society,1
socratic,1
soft,1
soil,1
solow,1
solver,1
solving,1
sonarly,1
sonnet,1
sons,1
sony,1
sorry,1
sound,1
sounds,1
sourced,1
sources,1
south,1
spaghetti,1
spark,1
specialists,1
specializes,1
specs,1
speech,1
speeds,1
spell,1
spine,1
spinor,1
spinosaurus,1
splats,1
sponsorship,1
spotted,1
sprinting,1
sqlx,1
squashed,1
sres,1
sse,1
sse2,1
ssl,1
ssr,1
st,1
stable,1
stablecoin,1
staff,1
stage,1
stages,1
stake,1
stamps,1
standard,1
standards,1
starbase,1
starling,1
starlink,1
starmer,1
starring,1
start,1
startups,1
states,1
static,1
station,1
stations,1
stays,1
std,1
stealing,1
stearns,1
step,1
stillonair,1
stm32g431,1
stood,1
stoolap,1
stopping,1
stops,1
stories,1
strategic,1
strategy,1
strawberry,1
strike,1
strings,1
stripe,1
strongest,1
strongly,1
stroustrup,1
structured,1
struggle,1
stuck,1
student,1
students,1
studio,1
studwell,1
stuff,1
subagents,1
subaru,1
subdomains,1
submissions,1
suck,1
sugar,1
suicide,1
suite,1
suk,1
summarization,1
summarize,1
summit,1
superatom,1
superdebate,1
superhighway,1
supervising,1
supervision,1
supervisor,1
superwhisper,1
supported,1
supports,1
surges,1
surprising,1
surprisingly,1
surveillance,1
suspension,1
suspicious,1
sustaining,1
svardos,1
svg,1
swear,1
sweet,1
swift,1
switching,1
symbolic,1
synchronization,1
syndrome,1
synthesis,1
synthesizer,1
tab,1
table,1
tablecraft,1
tabs,1
tahoe,1
tail,1
tailscale,1
takedowns,1
taking,1
talarico,1
talent,1
talks,1
tanin,1
tankers,1
tape,1
targeting,1
task,1
tattoo,1
tauri,1
tax,1
tcl,1
tdd,1
teaches,1
teaching,1
team,1
teams,1
teen,1
telecine,1
teleoperation,1
temper,1
ten,1
tenga,1
terminals,1
terminator,1
terraform,1
terrible,1
testifies,1
testify,1
testimony,1
tetris,1
texas,1
th,1
thank,1
thanks,1
thaw,1
themselves,1
theorem,1
theoretical,1
theories,1
thoughts,1
throughput,1
throws,1
ticketing,1
tie,1
tied,1
tiktok,1
timeline,1
timesfm,1
tiny3d,1
tinyice,1
tired,1
tissue,1
tkinter,1
tls,1
tokens,1
took,1
toolchain,1
toolchains,1
tooling,1
topologies,1
tor,1
torus,1
torvalds,1
tos,1
tour,1
tourists,1
toward,1
toxic,1
toy,1
toyota,1
toys,1
traced,1
tracer,1
tracked,1
tracks,1
trade,1
tragedies,1
trail,1
trained,1
training,1
trains,1
trait,1
transactions,1
transfer,1
transform,1
translate,1
transmitter,1
trauma,1
travel,1
treated,1
treating,1
treatment,1
trees,1
triage,1
tried,1
tries,1
triforce,1
troll,1
troops,1
trusting,1
truth,1
trying,1
tspo,1
ttfields,1
tu,1
tui,1
tumor,1
tunnels,1
turned,1
turns,1
twff,1
typed,1
typesafe,1
typing,1
typo,1
ubiquitous,1
ubuntu,1
ufo,1
ukraine,1
ukranian,1
ultra,1
ultrashort,1
unauthorized,1
uncontrollable,1
uncontrolled,1
underage,1
underbelly,1
underrated,1
underscores,1
understand,1
understanding,1
undetected,1
undo,1
unequivocal,1
unexploitable,1
unfold,1
unicode,1
unicorns,1
unique,1
united,1
universal,1
universe,1
universities,1
university,1
unlicensed,1
unmanned,1
unnecessary,1
unrevised,1
unsolvable,1
unsubscribe,1
until,1
updating,1
upki,1
upload,1
urban,1
url,1
usefulness,1
useless,1
usfs,1
ushered,1
utilities,1
utility,1
uv,1
v1,1
v2,1
valkey,1
valuation,1
valuations,1
valued,1
valve,1
vaults,1
vcs,1
vectornest,1
veda,1
vehicle,1
verge,1
verizon,1
vertical,1
vibeschism,1
vinyl,1
violation,1
viral,1
virgins,1
virtual,1
visa,1
visibility,1
visit,1
visualization,1
visualize,1
visualized,1
visualizer,1
visualizes,1
vlms,1
vm,1
voog,1
vortex,1
votes,1
vps,1
vpss,1
vr,1
vulnerable,1
vwn,1
vx7,1
w26,1
wafir,1
wage,1
wales,1
walk,1
wall,1
wanted,1
war,1
warmer,1
warming,1
warning,1
washing,1
waste,1
wasteful,1
watchdog,1
watching,1
watchlist,1
wayland,1
wd,1
webapp,1
webmcp,1
website,1
week,1
weekends,1
weekly,1
weight,1
weird,1
wellington,1
went,1
west,1
western,1
weston,1
whatsapp,1
wheelchair,1
white,1
wi,1
width,1
wildex,1
wildlife,1
win,1
windows,1
winnipeg,1
wiped,1
wireframe,1
wireless,1
wiretext,1
wishes,1
wispr,1
withdrawals,1
withdraws,1
within,1
wizard,1
woes,1
wolfssl,1
women,1
won,1
wonderful,1
woot,1
words,1
workaround,1
workers,1
workout,1
workshop,1
workspace,1
worktree,1
worldwide,1
worry,1
worse,1
worst,1
would,1
wounded,1
wowcube,1
wrap,1
wrote,1
wu,1
wv,1
ww2,1
xbox,1
xdigest,1
xeon,1
xmpp,1
xr,1
yale,1
yamaha,1
yaml,1
yara,1
yeol,1
yolo26n,1
yoon,1
york,1
yourself,1
youth,1
yt,1
zainar,1
zealous,1
zeptocom,1
zest,1
zhao,1
zillow,1
zombies,1
zxing,1
